New York,New York,https://i.ibb.co/x2n0htW/new-york.jpg
Los Angeles,California,https://i.ibb.co/r5Lqjcn/los-angeles.jpg
Chicago,Illinois,https://i.ibb.co/QXb5pY3/chicago.jpg
Houston,Texas,https://i.ibb.co/6YWQm1V/houston.jpg
Phoenix,Arizona,https://i.ibb.co/pK9Pf3q/phoenix.jpg
Philadelphia,Pennsylvania,https://i.ibb.co/tMdKY8R/philadelphia.jpg
San Antonio,Texas,https://i.ibb.co/7X1gZfJ/san-antonio.jpg
San Diego,California,https://i.ibb.co/YTLRHBy/san-diego.jpg
Dallas,Texas,https://i.ibb.co/ww434Mr/dallas.jpg
San Jose,California,https://i.ibb.co/Jmbf09J/san-jose.jpg
Austin,Texas,https://i.ibb.co/v4DBnVX/austin.jpg
Jacksonville,Florida,https://i.ibb.co/m0bL5Hv/jacksonville.jpg
Fort Worth,Texas,https://i.ibb.co/CnKQVSd/fortworth.jpg
San Francisco,California,https://i.ibb.co/drYddLC/san-francisco.jpg
Columbus,Ohio,https://i.ibb.co/M89FgQv/columbus.jpg
Charlotte,North Carolina,https://i.ibb.co/gRM8VC3/charlotte.jpg
Indianapolis,Indiana,https://i.ibb.co/s1KNcKR/indianapolis.jpg
Seattle,Washington,https://i.ibb.co/NY2Kpn3/seattle.jpg
Denver,Colorado,https://i.ibb.co/8YnXp1p/denver.jpg
Washington DC,District of Columbia,https://i.ibb.co/F4FdMrN/washington-dc.jpg
El Paso,Texas,https://i.ibb.co/vjpZr14/el-paso.jpg
Boston,Massachusetts,https://i.ibb.co/BVC3WWW/boston.jpg
Nashville,Tennessee,https://i.ibb.co/mDhhf2n/nashville.jpg
Detroit,Michigan,https://i.ibb.co/tLJ07WZ/detroit.jpg
Portland,Oregon,https://i.ibb.co/L8r1TfQ/portland.jpg
Oklahoma City,Oklahoma,https://i.ibb.co/1bDSYg0/oklahoma-city.jpg
Las Vegas,Nevada,https://i.ibb.co/ZNdCQCL/northlasvegas.jpg
Memphis,Tennessee,https://i.ibb.co/vvHvc2Z/memphis.jpg
Louisville,Kentucky,https://i.ibb.co/Tm2dgqt/louisville.jpg
Baltimore,Maryland,https://i.ibb.co/RzFPGGY/baltimore.jpg
Milwaukee,Wisconsin,https://i.ibb.co/7GXgRV5/milwaukee.jpg
Albuquerque,New Mexico,https://i.ibb.co/CsDrf9Q/albuquerque.jpg
Tucson,Arizona,https://i.ibb.co/ThqCfZC/tucson.jpg
Fresno,California,https://i.ibb.co/cgXJwP1/fresno.jpg
Sacramento,California,https://i.ibb.co/jRhssBx/sacramento.jpg
Mesa,Arizona,https://i.ibb.co/jysfrxc/mesa.jpg
Kansas City,Missouri,https://i.ibb.co/jrdZ5LC/kansas-city.jpg
Atlanta,Georgia,https://i.ibb.co/0DmKLnN/atlanta.jpg
Colorado Springs,Colorado,https://i.ibb.co/2j0Q3JP/colorado-springs.jpg
Miami,Florida,https://i.ibb.co/w4WTWfB/miami.jpg
Raleigh,North Carolina,https://i.ibb.co/rsTwxPp/raleigh.jpg
Long Beach,California,https://i.ibb.co/9Yb6zwB/long-beach.jpg
Virginia Beach,Virginia,https://i.ibb.co/MNwhWZ6/virginia-beach.jpg
Omaha,Nebraska,https://i.ibb.co/zRLKXyN/omaha.jpg
Oakland,California,https://i.ibb.co/GTD1yvx/oakland.jpg
Minneapolis,Minnesota,https://i.ibb.co/gM3dS5S/minneapolis.jpg
Tulsa,Oklahoma,https://i.ibb.co/N2927Sd/tulsa.jpg
Arlington,Texas,https://i.ibb.co/1TkZzjC/arlington.jpg
New Orleans,Louisiana,https://i.ibb.co/3TVmv4N/new-orleans.jpg
Tampa,Florida,https://i.ibb.co/tP0SHG6/tampa.jpg
Wichita,Kansas,https://i.ibb.co/xGYngNS/wichita.jpg
Bakersfield,California,https://i.ibb.co/vZk5jzg/bakersfield.jpg
Cleveland,Ohio,https://i.ibb.co/hKMsVWg/cleveland.jpg
Aurora,Colorado,https://i.ibb.co/4ZGDntr/aurora.jpg
Anaheim,California,https://i.ibb.co/WFBFFZn/anaheim.jpg
Honolulu,Hawaii,https://i.ibb.co/zSJVHwN/honolulu.jpg
Santa Ana,California,https://i.ibb.co/GRhR3vR/santaana.jpg
Riverside,California,https://i.ibb.co/z7qzpgm/riverside.jpg
Corpus Christi,Texas,https://i.ibb.co/8KxdWFB/corpuschristi.jpg
Lexington-Fayette,Kentucky,https://i.ibb.co/TryPFzG/Lexington-Fayette.jpg
Stockton,California,https://i.ibb.co/gwgjks0/stockton.jpg
Henderson,Nevada,https://i.ibb.co/dcTPgsZ/henderson.jpg
St. Paul,Minnesota,https://i.ibb.co/rwpcWQg/st-paul.jpg
St. Louis,Missouri,https://i.ibb.co/dkS4C4q/st-louis.jpg
Pittsburgh,Pennsylvania,https://i.ibb.co/dLSZ1dL/pittsburgh.jpg
Cincinnati,Ohio,https://i.ibb.co/wS13tYS/cincinnati.jpg
Anchorage,Alaska,https://i.ibb.co/7JZQGQ3/anchorage.jpg
Plano,Texas,https://i.ibb.co/C25F8Vk/plano.jpg
Orlando,Florida,https://i.ibb.co/CBMvJyf/orlando.jpg
Greensboro,North Carolina,https://i.ibb.co/b7jHFFR/greensboro.jpg
Lincoln,Nebraska,https://i.ibb.co/Syjjzrm/lincoln.jpg
Irvine,California,https://i.ibb.co/BfSkhgW/irvine.jpg
Newark,New Jersey,https://i.ibb.co/sPyFQgt/newark.jpg
Toledo,Ohio,https://i.ibb.co/TKm05W0/toledo.jpg
Durham,North Carolina,https://i.ibb.co/pxrm4TW/durham.jpg
Chula Vista,California,https://i.ibb.co/QPdNL2Y/chulavista.jpg
St. Petersburg,Florida,https://i.ibb.co/BNN0026/st-petersburg.jpg
Fort Wayne,Indiana,https://i.ibb.co/WFYDQXr/fortwayne.jpg
Jersey City,New Jersey,https://i.ibb.co/J386p6p/jersey-city.jpg
Laredo,Texas,https://i.ibb.co/hBccFX5/laredo.jpg
Madison,Wisconsin,https://i.ibb.co/Wspg4YC/madison.jpg
Scottsdale,Arizona,https://i.ibb.co/H4jYwPD/scottsdale.jpg
Lubbock,Texas,https://i.ibb.co/DkgD9p6/lubbock.jpg
Chandler,Arizona,https://i.ibb.co/s5S2674/chandler.jpg
Reno,Nevada,https://i.ibb.co/yf5rp1p/reno.jpg
Buffalo,New York,https://i.ibb.co/7pWbSHZ/buffalo.jpg
Glendale,Arizona,https://i.ibb.co/RPG4CTW/glendale.jpg
Gilbert,Arizona,https://i.ibb.co/KKsw6DQ/gilbert.jpg
Winston-Salem,North Carolina,https://i.ibb.co/pZZtfXP/winston-salem.jpg
Norfolk,Virginia,https://i.ibb.co/dcgWLsk/Norfolk.jpg
Chesapeake,Virginia,https://i.ibb.co/BKVn8nF/chesapeake.jpg
Irving,Texas,https://i.ibb.co/QDj9z82/irving.jpg
Fremont,California,https://i.ibb.co/Gdnyy4Z/fremont.jpg
Hialeah,Florida,https://i.ibb.co/yPZxSH5/hialeah.jpg
Garland,Texas,https://i.ibb.co/2cPD572/garland.jpg
Richmond,Virginia,https://i.ibb.co/k90wfQn/richmond.jpg
Boise City,Idaho,https://i.ibb.co/rmhzxLC/boise-city.jpg
Baton Rouge,Louisiana,https://i.ibb.co/25vk4Tf/batonrouge.jpg
Spokane,Washington,https://i.ibb.co/n1444L6/spokane.jpg
North Las Vegas,Nevada,https://i.ibb.co/bL002M1/las-vegas.jpg